<?xml version="1.0" encoding="UTF-8"?>
<feature
      id="org.eclipse.jdt"
      label="%featureName"
      version="3.5.1.r351_v20090810-0600-7r88FEoFI0WTo6Az-1qFRHm37ChJ"
      provider-name="%providerName"
      image="eclipse_update_120.jpg">

   <description>
      %description
   </description>

   <copyright>
      %copyright
   </copyright>

   <license url="%licenseURL">
      %license
   </license>

   <url>
      <update label="%updateSiteName" url="http://download.eclipse.org/eclipse/updates/3.5"/>
      <discovery label="%updateSiteName" url="http://download.eclipse.org/eclipse/updates/3.5"/>
   </url>

   <requires>
      <import feature="org.eclipse.platform" version="3.5.0" match="compatible"/>
   </requires>

   <plugin
         id="org.eclipse.jdt"
         download-size="0"
         install-size="0"
         version="3.5.1.v200909170800"
         unpack="false"/>

   <plugin
         id="org.eclipse.ant.ui"
         download-size="0"
         install-size="0"
         version="3.4.1.v20090901_r351"
         unpack="false"/>

   <plugin
         id="org.eclipse.jdt.apt.core"
         download-size="0"
         install-size="0"
         version="3.3.201.R35x_v20090818-0235"
         unpack="false"/>

   <plugin
         id="org.eclipse.jdt.apt.ui"
         download-size="0"
         install-size="0"
         version="3.3.200.v20090528-1135"
         unpack="false"/>

   <plugin
         id="org.eclipse.jdt.apt.pluggable.core"
         download-size="0"
         install-size="0"
         version="1.0.201.R35x_v20090818-0225"
         unpack="false"/>

   <plugin
         id="org.eclipse.jdt.compiler.apt"
         download-size="0"
         install-size="0"
         version="1.0.201.R35x_v20090825-1530"
         fragment="true"
         unpack="false"/>

   <plugin
         id="org.eclipse.jdt.compiler.tool"
         download-size="0"
         install-size="0"
         version="1.0.100.v_972_R35x"
         fragment="true"
         unpack="false"/>

   <plugin
         id="org.eclipse.jdt.core"
         download-size="0"
         install-size="0"
         version="3.5.1.v_972_R35x"
         unpack="false"/>

   <plugin
         id="org.eclipse.jdt.core.manipulation"
         download-size="0"
         install-size="0"
         version="1.3.0.v20090603"
         unpack="false"/>

   <plugin
         id="org.eclipse.jdt.debug.ui"
         download-size="0"
         install-size="0"
         version="3.4.1.v20090811_r351"
         unpack="false"/>

   <plugin
         id="org.eclipse.jdt.debug"
         download-size="0"
         install-size="0"
         version="3.5.0.v20090526"/>

   <plugin
         id="org.eclipse.jdt.junit"
         download-size="0"
         install-size="0"
         version="3.5.1.r351_v20090708-0800"
         unpack="false"/>

   <plugin
         id="org.eclipse.jdt.junit.runtime"
         download-size="0"
         install-size="0"
         version="3.4.100.v20090513-2000"
         unpack="false"/>

   <plugin
         id="org.eclipse.jdt.junit4.runtime"
         download-size="0"
         install-size="0"
         version="1.1.0.v20090513-2000"
         unpack="false"/>

   <plugin
         id="org.eclipse.jdt.launching"
         download-size="0"
         install-size="0"
         version="3.5.0.v20090527"
         unpack="false"/>

   <plugin
         id="org.eclipse.jdt.ui"
         download-size="0"
         install-size="0"
         version="3.5.1.r351_v20090821-0800"
         unpack="false"/>

   <plugin
         id="org.junit"
         download-size="0"
         install-size="0"
         version="3.8.2.v20090203-1005"/>

   <plugin
         id="org.junit4"
         download-size="0"
         install-size="0"
         version="4.5.0.v20090824"/>

   <plugin
         id="org.hamcrest.core"
         download-size="0"
         install-size="0"
         version="1.1.0.v20090501071000"
         unpack="false"/>

   <plugin
         id="org.eclipse.jdt.doc.user"
         download-size="0"
         install-size="0"
         version="3.5.1.r351_v20090821-0800"
         unpack="false"/>

   <plugin
         id="org.eclipse.jdt.launching.macosx"
         os="macosx"
         download-size="0"
         install-size="0"
         version="3.2.0.v20090527"
         unpack="false"/>

   <plugin
         id="org.eclipse.jdt.launching.ui.macosx"
         os="macosx"
         download-size="0"
         install-size="0"
         version="1.0.0.v20090527"
         unpack="false"/>

</feature>
