<?xml version="1.0" encoding="UTF-8"?>
<feature
      id="org.eclipse.platform"
      label="%featureName"
      version="3.5.1.R35x_v20090910-9gEeG1_FthkNDSP2odXdThaOu9GFDPn83DGB7"
      provider-name="%providerName"
      image="eclipse_update_120.jpg">

   <description>
      %description
   </description>

   <copyright>
      %copyright
   </copyright>

   <license url="%licenseURL">
      %license
   </license>

   <url>
      <update label="%updateSiteName" url="http://download.eclipse.org/eclipse/updates/3.5"/>
      <discovery label="%updateSiteName" url="http://download.eclipse.org/eclipse/updates/3.5"/>
      <discovery label="%secondaryUpdateSiteName" url="http://download.eclipse.org/releases/galileo"/>
   </url>

   <includes
         id="org.eclipse.rcp"
         version="3.5.1.R35x_v20090811-9SA0FxVFqE70OL1ARMrfcO6e7BA6"/>

   <includes
         id="org.eclipse.equinox.p2.user.ui"
         version="1.1.1.R35x_v20090811-7u6FbEFYXk1qWdbS0gnpRg2932"
         optional="true"/>

   <includes
         id="org.eclipse.help"
         version="1.1.1.R35x_v20090811-7e7eFAnFEx2XZoYz0uPgIfwD"/>
      
   <plugin
         id="org.apache.ant"
         download-size="0"
         install-size="0"
         version="1.7.1.v20090120-1145"/>

   <plugin
         id="org.eclipse.ant.core"
         download-size="0"
         install-size="0"
         version="3.2.100.v20090817_r351"
         unpack="false"/>

   <plugin
         id="com.jcraft.jsch"
         download-size="0"
         install-size="0"
         version="0.1.41.v200903070017"
         unpack="false"/>

   <plugin
         id="org.eclipse.compare.core"
         download-size="0"
         install-size="0"
         version="3.5.0.I20090430-0408"
         unpack="false"/>

   <plugin
         id="org.eclipse.compare"
         download-size="0"
         install-size="0"
         version="3.5.0.I20090514-0808"
         unpack="false"/>

   <plugin
         id="org.eclipse.compare.win32"
         os="win32"
         download-size="0"
         install-size="0"
         version="1.0.0.I20090430-0408"
         unpack="false"/>

   <plugin
         id="org.eclipse.core.boot"
         download-size="0"
         install-size="0"
         version="3.1.100.v20080218"
         unpack="false"/>

   <plugin
         id="org.eclipse.core.filebuffers"
         download-size="0"
         install-size="0"
         version="3.5.0.v20090526-2000"
         unpack="false"/>

   <plugin
         id="org.eclipse.core.filesystem"
         download-size="0"
         install-size="0"
         version="1.2.0.v20090507"
         unpack="false"/>

   <plugin
         id="org.eclipse.core.net"
         download-size="0"
         install-size="0"
         version="1.2.1.r35x_20090812-1200"
         unpack="false"/>

   <plugin
         id="org.eclipse.core.net.win32.x86"
         os="win32"
         arch="x86"
         download-size="0"
         install-size="0"
         version="1.0.0.I20080909"
         fragment="true"
         unpack="false"/>

<plugin
         id="org.eclipse.core.net.win32.x86_64"
         os="win32"
         arch="x86_64"
         download-size="0"
         install-size="0"
         version="1.0.0.I20090306-1030"
         fragment="true"
         unpack="false"/>

   <plugin
         id="org.eclipse.core.net.linux.x86"
         os="linux"
         arch="x86"
         download-size="0"
         install-size="0"
         version="1.1.0.I20081021"
         fragment="true"
         unpack="false"/>

   <plugin
         id="org.eclipse.core.resources"
         download-size="0"
         install-size="0"
         version="3.5.1.R35x_v20090826-0451"
         unpack="false"/>

   <plugin
         id="org.eclipse.core.resources.compatibility"
         download-size="0"
         install-size="0"
         version="3.4.0.v20090505"
         fragment="true"
         unpack="false"/>

   <plugin
         id="org.eclipse.core.runtime.compatibility"
         download-size="0"
         install-size="0"
         version="3.2.0.v20090413"
         unpack="false"/>

   <plugin
         id="org.eclipse.core.runtime.compatibility.registry"
         download-size="0"
         install-size="0"
         version="3.2.200.v20090429-1800"
         fragment="true"/>

   <plugin
         id="org.eclipse.osgi.util"
         download-size="0"
         install-size="0"
         version="3.2.0.v20090520-1800"
         unpack="false"/>

   <plugin
         id="org.eclipse.debug.core"
         download-size="0"
         install-size="0"
         version="3.5.0.v20090526-1600"
         unpack="false"/>

   <plugin
         id="org.eclipse.debug.ui"
         download-size="0"
         install-size="0"
         version="3.5.1.v20090811_r351"
         unpack="false"/>

   <plugin
         id="org.eclipse.help.appserver"
         download-size="0"
         install-size="0"
         version="3.1.400.v20090429_1800"
         unpack="false"/>

   <plugin
         id="org.eclipse.ltk.core.refactoring"
         download-size="0"
         install-size="0"
         version="3.5.0.v20090513-2000"
         unpack="false"/>

   <plugin
         id="org.eclipse.ltk.ui.refactoring"
         download-size="0"
         install-size="0"
         version="3.4.100.v20090604"
         unpack="false"/>

   <plugin
         id="org.eclipse.platform"
         download-size="0"
         install-size="0"
         version="3.3.201.v200909170800"/>

   <plugin
         id="org.eclipse.platform.doc.user"
         download-size="0"
         install-size="0"
         version="3.5.1.r351_v20090821-0800"
         unpack="false"/>

   <plugin
         id="org.eclipse.search"
         download-size="0"
         install-size="0"
         version="3.5.1.r351_v20090708-0800"
         unpack="false"/>

   <plugin
         id="org.eclipse.team.core"
         download-size="0"
         install-size="0"
         version="3.5.0.I20090527-0620"
         unpack="false"/>

   <plugin
         id="org.eclipse.team.ui"
         download-size="0"
         install-size="0"
         version="3.5.0.I20090430-0408"
         unpack="false"/>

   <plugin
         id="org.eclipse.text"
         download-size="0"
         install-size="0"
         version="3.5.0.v20090513-2000"
         unpack="false"/>

   <plugin
         id="org.eclipse.jface.text"
         download-size="0"
         install-size="0"
         version="3.5.1.r351_v20090708-0800"
         unpack="false"/>

   <plugin
         id="org.eclipse.jsch.core"
         download-size="0"
         install-size="0"
         version="1.1.100.I20090430-0408"
         unpack="false"/>

   <plugin
         id="org.eclipse.jsch.ui"
         download-size="0"
         install-size="0"
         version="1.1.200.I20090430-0408"
         unpack="false"/>

   <plugin
         id="org.eclipse.ui.console"
         download-size="0"
         install-size="0"
         version="3.4.0.v20090513"
         unpack="false"/>

   <plugin
         id="org.eclipse.ui.presentations.r21"
         download-size="0"
         install-size="0"
         version="3.2.100.I20081007-0800"
         unpack="false"/>

   <plugin
         id="org.eclipse.ui.intro"
         download-size="0"
         install-size="0"
         version="3.3.1.v20090805_35x"
         unpack="false"/>

   <plugin
         id="org.eclipse.ui.intro.universal"
         download-size="0"
         install-size="0"
         version="3.2.300.v20090526"/>

   <plugin
         id="org.eclipse.ui.cheatsheets"
         download-size="0"
         install-size="0"
         version="3.3.200.v20090526"
         unpack="false"/>

   <plugin
         id="org.eclipse.ui.browser"
         download-size="0"
         install-size="0"
         version="3.2.300.v20090526"
         unpack="false"/>

   <plugin
         id="org.eclipse.ui.navigator"
         download-size="0"
         install-size="0"
         version="3.4.1.M20090911-1550"
         unpack="false"/>

   <plugin
         id="org.eclipse.ui.navigator.resources"
         download-size="0"
         install-size="0"
         version="3.4.1.M20090826-0800"
         unpack="false"/>

   <plugin
         id="org.eclipse.ui.net"
         download-size="0"
         install-size="0"
         version="1.2.1.r35x_20090812-1200"
         unpack="false"/>

   <plugin
         id="org.eclipse.ui.workbench.texteditor"
         download-size="0"
         install-size="0"
         version="3.5.0.v20090603"
         unpack="false"/>

   <plugin
         id="org.eclipse.ui.views"
         download-size="0"
         install-size="0"
         version="3.4.1.M20090826-0800"
         unpack="false"/>

   <plugin
         id="org.eclipse.ui.editors"
         download-size="0"
         install-size="0"
         version="3.5.0.v20090527-2000"
         unpack="false"/>

   <plugin
         id="org.eclipse.ui.externaltools"
         download-size="0"
         install-size="0"
         version="3.2.0.v20090504"
         unpack="false"/>

   <plugin
         id="org.eclipse.ui.ide"
         download-size="0"
         install-size="0"
         version="3.5.1.M20090826-0800"
         unpack="false"/>

   <plugin
         id="org.eclipse.ui.ide.application"
         download-size="0"
         install-size="0"
         version="1.0.101.M20090826-0800"
         unpack="false"/>

   <plugin
         id="org.eclipse.ui.win32"
         ws="win32"
         download-size="0"
         install-size="0"
         version="3.2.100.v20090429-1800"
         fragment="true"
         unpack="false"/>

   <plugin
         id="org.eclipse.update.core"
         download-size="0"
         install-size="0"
         version="3.2.300.v20090525"
         unpack="false"/>

   <plugin
         id="org.eclipse.update.scheduler"
         download-size="0"
         install-size="0"
         version="3.2.200.v20081127"
         unpack="false"/>

   <plugin
         id="org.eclipse.update.ui"
         download-size="0"
         install-size="0"
         version="3.2.201.R35x_v20090813"
         unpack="false"/>

   <plugin
         id="org.eclipse.ui.workbench.compatibility"
         download-size="0"
         install-size="0"
         version="3.2.0.I20090429-1800"
         fragment="true"/>

   <plugin
         id="org.eclipse.core.filesystem.hpux.ia64_32"
         os="hpux"
         arch="ia64_32"
         download-size="0"
         install-size="0"
         version="1.0.0.v20080604-1400"
         fragment="true"
         unpack="false"/>

   <plugin
         id="org.eclipse.core.filesystem.hpux.PA_RISC"
         os="hpux"
         arch="PA_RISC"
         download-size="0"
         install-size="0"
         version="1.0.0.v20080604-1400"
         fragment="true"
         unpack="false"/>

   <plugin
         id="org.eclipse.core.filesystem.linux.ppc"
         os="linux"
         arch="ppc"
         download-size="0"
         install-size="0"
         version="1.0.100.v20080604-1400"
         fragment="true"
         unpack="false"/>

   <plugin
         id="org.eclipse.core.filesystem.linux.x86"
         os="linux"
         arch="x86"
         download-size="0"
         install-size="0"
         version="1.2.0.v20080604-1400"
         fragment="true"
         unpack="false"/>

   <plugin
         id="org.eclipse.core.filesystem.linux.x86_64"
         os="linux"
         arch="x86_64"
         download-size="0"
         install-size="0"
         version="1.0.100.v20080604-1400"
         fragment="true"
         unpack="false"/>

   <plugin
         id="org.eclipse.core.filesystem.solaris.sparc"
         os="solaris"
         arch="sparc"
         download-size="0"
         install-size="0"
         version="1.0.100.v20080604-1400"
         fragment="true"
         unpack="false"/>

   <plugin
         id="org.eclipse.core.filesystem.macosx"
         os="macosx"
         download-size="0"
         install-size="0"
         version="1.1.0.v20090112"
         fragment="true"
         unpack="false"/>
   
   <plugin
         id="org.eclipse.core.filesystem.qnx.x86"
         os="qnx"
         ws="photon"
         arch="x86"
         download-size="0"
         install-size="0"
         version="1.0.0.v20080604-1400"
         fragment="true"
         unpack="false"/>

   <plugin
         id="org.eclipse.core.filesystem.win32.x86"
         os="win32"
         arch="x86"
         download-size="0"
         install-size="0"
         version="1.1.0.v20080604-1400"
         fragment="true"
         unpack="false"/>

   <plugin
         id="org.eclipse.core.resources.win32.x86"
         os="win32"
         arch="x86"
         download-size="0"
         install-size="0"
         version="3.5.0.v20081020"
         fragment="true"
         unpack="false"/>


  <plugin
         id="org.eclipse.core.filesystem.win32.x86_64"
         os="win32"
         arch="x86_64"
         download-size="0"
         install-size="0"
         version="1.1.0.v20090316-0910"
         fragment="true"
         unpack="false"/>  

   <plugin
         id="org.eclipse.core.variables"
         download-size="0"
         install-size="0"
         version="3.2.200.v20090521"
         unpack="false"/>

   <plugin
         id="org.eclipse.ui.forms"
         download-size="0"
         install-size="0"
         version="3.4.1.v20090714_35x"
         unpack="false"/>

   <plugin
         id="org.eclipse.update.core.linux"
         os="linux"
         arch="x86"
         download-size="0"
         install-size="0"
         version="3.2.100.v20081008"
         fragment="true"
         unpack="false"/>

   <plugin
         id="org.eclipse.update.core.win32"
         os="win32"
         download-size="0"
         install-size="0"
         version="3.2.100.v20080107"
         fragment="true"
         unpack="false"/>

   <plugin
         id="org.eclipse.ui.views.properties.tabbed"
         download-size="0"
         install-size="0"
         version="3.5.0.I20090429-1800"
         unpack="false"/>

   <plugin
         id="org.eclipse.equinox.security"
         download-size="0"
         install-size="0"
         version="1.0.100.v20090520-1800"
         unpack="false"/>

   <plugin
         id="org.eclipse.equinox.security.ui"
         download-size="0"
         install-size="0"
         version="1.0.100.v20090520-1800"
         unpack="false"/>

   <plugin
         id="org.eclipse.equinox.security.win32.x86"
         os="win32"
         arch="x86"
         download-size="0"
         install-size="0"
         version="1.0.100.v20090520-1800"
         fragment="true"
         unpack="false"/>

   <plugin
         id="org.eclipse.equinox.security.macosx"
         os="macosx"
         arch="x86"
         download-size="0"
         install-size="0"
         version="1.100.0.v20090520-1800"
         fragment="true"
         unpack="false"/>
   <plugin
         id="org.eclipse.equinox.security.macosx"
         os="macosx"
         arch="x86_64"
         download-size="0"
         install-size="0"
         version="1.100.0.v20090520-1800"
         fragment="true"
         unpack="false"/>

   <plugin
         id="org.eclipse.equinox.security.macosx"
         os="macosx"
         arch="ppc"
         download-size="0"
         install-size="0"
         version="1.100.0.v20090520-1800"
         fragment="true"
         unpack="false"/>


</feature>
