<?xml version='1.0' encoding='UTF-8'?>
<?artifactRepository version='1.1.0'?>
<repository name='download cache' type='org.eclipse.equinox.p2.artifact.repository.simpleRepository' version='1.0.0'>
  <properties size='2'>
    <property name='p2.system' value='true'/>
    <property name='p2.timestamp' value='1253212912689'/>
  </properties>
  <mappings size='3'>
    <rule filter='(&amp; (classifier=osgi.bundle))' output='${repoUrl}/plugins/${id}_${version}.jar'/>
    <rule filter='(&amp; (classifier=binary))' output='${repoUrl}/binary/${id}_${version}'/>
    <rule filter='(&amp; (classifier=org.eclipse.update.feature))' output='${repoUrl}/features/${id}_${version}.jar'/>
  </mappings>
  <artifacts size='5'>
    <artifact classifier='binary' id='org.eclipse.jdt_root' version='3.5.1.r351_v20090810-0600-7r88FEoFI0WTo6Az-1qFRHm37ChJ'>
      <properties size='2'>
        <property name='download.size' value='8076'/>
        <property name='artifact.size' value='8076'/>
      </properties>
    </artifact>
    <artifact classifier='binary' id='org.eclipse.cvs_root' version='1.1.101.R35x_v20090811-7E79FEd9KKF5H2YDWFLLBL01A16'>
      <properties size='2'>
        <property name='download.size' value='8076'/>
        <property name='artifact.size' value='8076'/>
      </properties>
    </artifact>
    <artifact classifier='binary' id='org.eclipse.rcp.configuration_root.cocoa.macosx.x86' version='1.0.0.M20090917-0800'>
      <properties size='2'>
        <property name='download.size' value='47750'/>
        <property name='artifact.size' value='47750'/>
      </properties>
    </artifact>
    <artifact classifier='binary' id='org.eclipse.rcp_root' version='3.5.1.R35x_v20090811-9SA0FxVFqE70OL1ARMrfcO6e7BA6'>
      <properties size='2'>
        <property name='download.size' value='52057'/>
        <property name='artifact.size' value='52057'/>
      </properties>
    </artifact>
    <artifact classifier='binary' id='org.eclipse.platform_root' version='3.5.1.R35x_v20090910-9gEeG1_FthkNDSP2odXdThaOu9GFDPn83DGB7'>
      <properties size='2'>
        <property name='download.size' value='52057'/>
        <property name='artifact.size' value='52057'/>
      </properties>
    </artifact>
  </artifacts>
</repository>
