<?xml version="1.0" encoding="UTF-8"?>
<feature
      id="org.eclipse.sdk"
      label="%featureName"
      version="3.5.1.R35x_v20090811-7Q7bAIBPVUBVbKSMTyyfpOteKTem7_g2paS1__z-Rrmf4"
      provider-name="%providerName"
      image="eclipse_update_120.jpg">

   <description>
      %description
   </description>

   <copyright>
      %copyright
   </copyright>

   <license url="%licenseURL">
      %license
   </license>

   <url>
      <update label="%updateSiteName" url="http://download.eclipse.org/eclipse/updates/3.5"/>
      <discovery label="%updateSiteName" url="http://download.eclipse.org/eclipse/updates/3.5"/>
      <discovery label="%secondaryUpdateSiteName" url="http://download.eclipse.org/releases/galileo"/>
   </url>

   <includes
         id="org.eclipse.platform"
         version="3.5.1.R35x_v20090910-9gEeG1_FthkNDSP2odXdThaOu9GFDPn83DGB7"/>

   <includes
         id="org.eclipse.platform.source"
         version="3.5.1.R35x_v20090910-9gEeG1_FthkNDSP2odXdThaOu9GFDPn83DGB7"/>

   <includes
         id="org.eclipse.cvs"
         version="1.1.101.R35x_v20090811-7E79FEd9KKF5H2YDWFLLBL01A16"/>

   <includes
         id="org.eclipse.cvs.source"
         version="1.1.101.R35x_v20090811-7E79FEd9KKF5H2YDWFLLBL01A16"/>

   <includes
         id="org.eclipse.jdt"
         version="3.5.1.r351_v20090810-0600-7r88FEoFI0WTo6Az-1qFRHm37ChJ"/>

   <includes
         id="org.eclipse.jdt.source"
         version="3.5.1.r351_v20090810-0600-7r88FEoFI0WTo6Az-1qFRHm37ChJ"/>

   <includes
         id="org.eclipse.pde"
         version="3.5.1.R35x_v20090811-7Z7_F9zFDX-aT6Ywvh8_S93"/>

   <includes
         id="org.eclipse.pde.source"
         version="3.5.1.R35x_v20090811-7Z7_F9zFDX-aT6Ywvh8_S93"/> 
 
   <includes
         id="org.eclipse.help"
         version="1.1.1.R35x_v20090811-7e7eFAnFEx2XZoYz0uPgIfwD"/>
         
   <includes
         id="org.eclipse.help.source"
         version="1.1.1.R35x_v20090811-7e7eFAnFEx2XZoYz0uPgIfwD"/>
 
   <plugin
         id="org.eclipse.sdk"
         download-size="0"
         install-size="0"
         version="3.5.1.v200909170800"/>

</feature>
