<?xml version="1.0" encoding="UTF-8"?>
<feature id="org.eclipse.help.source" version="1.1.1.R35x_v20090811-7e7eFAnFEx2XZoYz0uPgIfwD" label="%featureName" provider-name="%providerName"     >
	<description >
		%description
	</description>
	<copyright >
		%copyright
	</copyright>
	<license url="%licenseURL">
		%license
	</license>
	<plugin id="javax.servlet.source" version="2.5.0.v200806031605"     unpack="false"/>
	<plugin id="javax.servlet.jsp.source" version="2.0.0.v200806031607"     unpack="false"/>
	<plugin id="org.apache.jasper.source" version="5.5.17.v200903231320"     unpack="false"/>
	<plugin id="org.apache.commons.el.source" version="1.0.0.v200806031608"     unpack="false"/>
	<plugin id="org.apache.commons.logging.source" version="1.0.4.v200904062259"     unpack="false"/>
	<plugin id="org.apache.lucene.analysis.source" version="1.9.1.v20080530-1600"     unpack="false"/>
	<plugin id="org.mortbay.jetty.util.source" version="6.1.15.v200905182336"     unpack="false"/>
	<plugin id="org.mortbay.jetty.server.source" version="6.1.15.v200905151201"     unpack="false"/>
	<plugin id="org.eclipse.equinox.http.jetty.source" version="2.0.0.v20090520-1800"     unpack="false"/>
	<plugin id="org.eclipse.equinox.http.registry.source" version="1.0.200.v20090520-1800"     unpack="false"/>
	<plugin id="org.eclipse.equinox.http.servlet.source" version="1.0.200.v20090520-1800"     unpack="false"/>
	<plugin id="org.eclipse.equinox.jsp.jasper.source" version="1.0.200.v20090520-1800"     unpack="false"/>
	<plugin id="org.eclipse.equinox.jsp.jasper.registry.source" version="1.0.100.v20090520-1800"     unpack="false"/>
	<plugin id="org.eclipse.help.base.source" version="3.4.0.v200909170800"     unpack="false"/>
	<plugin id="org.eclipse.help.ui.source" version="3.4.1.v20090819_35x"     unpack="false"/>
	<plugin id="org.eclipse.help.webapp.source" version="3.4.1.v20090819_35x"     unpack="false"/>
</feature>
