<?xml version="1.0" encoding="UTF-8"?>
<feature id="org.eclipse.pde.source" version="3.5.1.R35x_v20090811-7Z7_F9zFDX-aT6Ywvh8_S93" label="%featureName" provider-name="%providerName" image="eclipse_update_120.jpg"    >
	<description >
		%description
	</description>
	<copyright >
		%copyright
	</copyright>
	<license url="%licenseURL">
		%license
	</license>
	<url>
		<update url="http://download.eclipse.org/eclipse/updates/3.5" label="%updateSiteName"/>
		<discovery url="http://download.eclipse.org/eclipse/updates/3.5" label="%updateSiteName"/>
		<discovery url="http://download.eclipse.org/releases/galileo" label="%secondaryUpdateSiteName"/>
	</url>
	<plugin id="org.objectweb.asm.source" version="3.1.0.v200803061910"     unpack="false"/>
	<plugin id="org.eclipse.pde.source" version="3.4.100.v200909170800"     unpack="false"/>
	<plugin id="org.eclipse.pde.build.source" version="3.5.1.R35x_20090820"     unpack="false"/>
	<plugin id="org.eclipse.pde.core.source" version="3.5.100.v20090821"     unpack="false"/>
	<plugin id="org.eclipse.pde.junit.runtime.source" version="3.4.0.v20090527"     unpack="false"/>
	<plugin id="org.eclipse.pde.runtime.source" version="3.4.100.v20090731"     unpack="false"/>
	<plugin id="org.eclipse.pde.ui.source" version="3.5.0.v20090821"     unpack="false"/>
	<plugin id="org.eclipse.pde.ui.templates.source" version="3.4.100.v20090527"     unpack="false"/>
	<plugin id="org.eclipse.ui.views.log.source" version="1.0.100.v20090731"     unpack="false"/>
	<plugin id="org.eclipse.pde.api.tools.source" version="1.0.101.v20090714"     unpack="false"/>
	<plugin id="org.eclipse.pde.api.tools.ui.source" version="1.0.101.v20090820"     unpack="false"/>
	<plugin id="org.eclipse.pde.ds.core.source" version="1.0.0.v20090429-1800"     unpack="false"/>
	<plugin id="org.eclipse.pde.ds.ui.source" version="1.0.0.v20090527"     unpack="false"/>
	<plugin id="org.eclipse.pde.ua.core.source" version="1.0.0.v20090429-1800"     unpack="false"/>
	<plugin id="org.eclipse.pde.ua.ui.source" version="1.0.0.v20090511"     unpack="false"/>
</feature>
