<?xml version="1.0" encoding="UTF-8"?>
<config transient="false">
	<site policy="USER-EXCLUDE" enabled="true" url="platform:/base/" updateable="true">
		<feature url="features/org.eclipse.platform_3.5.1.R35x_v20090910-9gEeG1_FthkNDSP2odXdThaOu9GFDPn83DGB7/" id="org.eclipse.platform" version="3.5.1.R35x_v20090910-9gEeG1_FthkNDSP2odXdThaOu9GFDPn83DGB7">
		</feature>
		<feature url="features/org.eclipse.cvs_1.1.101.R35x_v20090811-7E79FEd9KKF5H2YDWFLLBL01A16/" id="org.eclipse.cvs" version="1.1.101.R35x_v20090811-7E79FEd9KKF5H2YDWFLLBL01A16">
		</feature>
		<feature url="features/org.eclipse.equinox.p2.user.ui.source_1.1.1.R35x_v20090811-7u6FbEFYXk1qWdbS0gnpRg2932/" id="org.eclipse.equinox.p2.user.ui.source" version="1.1.1.R35x_v20090811-7u6FbEFYXk1qWdbS0gnpRg2932">
		</feature>
		<feature url="features/org.eclipse.jdt_3.5.1.r351_v20090810-0600-7r88FEoFI0WTo6Az-1qFRHm37ChJ/" id="org.eclipse.jdt" version="3.5.1.r351_v20090810-0600-7r88FEoFI0WTo6Az-1qFRHm37ChJ">
		</feature>
		<feature url="features/org.eclipse.cvs.source_1.1.101.R35x_v20090811-7E79FEd9KKF5H2YDWFLLBL01A16/" id="org.eclipse.cvs.source" version="1.1.101.R35x_v20090811-7E79FEd9KKF5H2YDWFLLBL01A16">
		</feature>
		<feature url="features/org.eclipse.equinox.p2.user.ui_1.1.1.R35x_v20090811-7u6FbEFYXk1qWdbS0gnpRg2932/" id="org.eclipse.equinox.p2.user.ui" version="1.1.1.R35x_v20090811-7u6FbEFYXk1qWdbS0gnpRg2932">
		</feature>
		<feature plugin-identifier="org.eclipse.help.base" url="features/org.eclipse.help_1.1.1.R35x_v20090811-7e7eFAnFEx2XZoYz0uPgIfwD/" id="org.eclipse.help" version="1.1.1.R35x_v20090811-7e7eFAnFEx2XZoYz0uPgIfwD">
		</feature>
		<feature url="features/org.eclipse.platform.source_3.5.1.R35x_v20090910-9gEeG1_FthkNDSP2odXdThaOu9GFDPn83DGB7/" id="org.eclipse.platform.source" version="3.5.1.R35x_v20090910-9gEeG1_FthkNDSP2odXdThaOu9GFDPn83DGB7">
		</feature>
		<feature url="features/org.eclipse.pde.source_3.5.1.R35x_v20090811-7Z7_F9zFDX-aT6Ywvh8_S93/" id="org.eclipse.pde.source" version="3.5.1.R35x_v20090811-7Z7_F9zFDX-aT6Ywvh8_S93">
		</feature>
		<feature url="features/org.eclipse.jdt.source_3.5.1.r351_v20090810-0600-7r88FEoFI0WTo6Az-1qFRHm37ChJ/" id="org.eclipse.jdt.source" version="3.5.1.r351_v20090810-0600-7r88FEoFI0WTo6Az-1qFRHm37ChJ">
		</feature>
		<feature url="features/org.eclipse.rcp.source_3.5.1.R35x_v20090811-9SA0FxVFqE70OL1ARMrfcO6e7BA6/" id="org.eclipse.rcp.source" version="3.5.1.R35x_v20090811-9SA0FxVFqE70OL1ARMrfcO6e7BA6">
		</feature>
		<feature url="features/org.eclipse.pde_3.5.1.R35x_v20090811-7Z7_F9zFDX-aT6Ywvh8_S93/" id="org.eclipse.pde" version="3.5.1.R35x_v20090811-7Z7_F9zFDX-aT6Ywvh8_S93">
		</feature>
		<feature url="features/org.eclipse.help.source_1.1.1.R35x_v20090811-7e7eFAnFEx2XZoYz0uPgIfwD/" id="org.eclipse.help.source" version="1.1.1.R35x_v20090811-7e7eFAnFEx2XZoYz0uPgIfwD">
		</feature>
		<feature url="features/org.eclipse.rcp_3.5.1.R35x_v20090811-9SA0FxVFqE70OL1ARMrfcO6e7BA6/" id="org.eclipse.rcp" version="3.5.1.R35x_v20090811-9SA0FxVFqE70OL1ARMrfcO6e7BA6">
		</feature>
		<feature url="features/org.eclipse.sdk_3.5.1.R35x_v20090811-7Q7bAIBPVUBVbKSMTyyfpOteKTem7_g2paS1__z-Rrmf4/" id="org.eclipse.sdk" version="3.5.1.R35x_v20090811-7Q7bAIBPVUBVbKSMTyyfpOteKTem7_g2paS1__z-Rrmf4">
		</feature>
	</site>
</config>
